{"cameraMode":{"drawMode":0,"name":"Shaded","section":"Shading Mode"},"sceneLighting":true,"audioPlay":false,"sceneViewState":{"m_AlwaysRefresh":false,"showFog":true,"showSkybox":true,"showFlares":true,"showImageEffects":true,"showParticleSystems":true,"showVisualEffectGraphs":true,"m_FxEnabled":true},"in2DMode":false,"pivot":{"x":-9.932567596435547,"y":3.2666401863098146,"z":-0.2499990463256836},"rotation":{"x":-0.04079767316579819,"y":0.003594260197132826,"z":-0.00014709551760461181,"w":-0.9991593360900879},"size":5.558290481567383,"orthographic":false}