{"cameraMode":{"drawMode":0,"name":"Shaded","section":"Shading Mode"},"sceneLighting":true,"audioPlay":false,"sceneViewState":{"m_AlwaysRefresh":false,"showFog":true,"showSkybox":true,"showFlares":true,"showImageEffects":true,"showParticleSystems":true,"showVisualEffectGraphs":true,"m_FxEnabled":true},"in2DMode":false,"pivot":{"x":-1.3965431451797486,"y":7.690162658691406,"z":-17.454740524291993},"rotation":{"x":-0.08269710093736649,"y":-0.020331257954239847,"z":0.0016876190202310682,"w":-0.9963604807853699},"size":0.7943635582923889,"orthographic":false}